word_segment,instances,prominence
འི་,141,3.936348408710218
ར་,71,1.9821328866554997
ཀུན་,71,1.9821328866554997
ཆེན་པོ་,57,1.5912897822445562
སངས་རྒྱས་,56,1.5633724176437744
ལ་,54,1.507537688442211
རྡོ་རྗེ་,50,1.3958682300390843
གྱི་,49,1.3679508654383028
ཆེ,41,1.1446119486320492
དང་,38,1.060859854829704
ས་,37,1.0329424902289224
ཀྱི་,34,0.9491903964265772
མཆོག,33,0.9212730318257957
དོན་,33,0.9212730318257957
སྟེ,33,0.9212730318257957
ལ,30,0.8375209380234505
ནི་,30,0.8375209380234505
ཡེ་ཤེས་,25,0.6979341150195422
འཆང་,24,0.6700167504187605
ལུས་,24,0.6700167504187605
ཆེན་,23,0.6420993858179788
རྣམས་,22,0.6141820212171971
འཇིག་རྟེན་,22,0.6141820212171971
མི་,20,0.5583472920156337
ལྡན,20,0.5583472920156337
སེམས་ཅན་,19,0.530429927414852
བདག,19,0.530429927414852
ཁྱོད་,19,0.530429927414852
མེད,19,0.530429927414852
འདུད,19,0.530429927414852
གསུམ་,18,0.5025125628140703
ཅན,18,0.5025125628140703
ཡི་,16,0.446677833612507
ཆོས་,16,0.446677833612507
བྱེད་པ,15,0.41876046901172526
ཐམས་ཅད་,15,0.41876046901172526
བྱེད,15,0.41876046901172526
གནས,15,0.41876046901172526
ན་,14,0.3908431044109436
རྣམ་པ,14,0.3908431044109436
འགྲོ་བ,13,0.3629257398101619
གསང་སྔགས་,13,0.3629257398101619
ཆེ་བ,13,0.3629257398101619
སྣ་ཚོགས་,13,0.3629257398101619
རྒྱལ,12,0.33500837520938026
དུ་,12,0.33500837520938026
སྒྱུ་འཕྲུལ་,12,0.33500837520938026
མཆོག་,12,0.33500837520938026
མ་,12,0.33500837520938026
ཏུ་,12,0.33500837520938026
གི་,11,0.30709101060859856
ཤེས་རབ་,11,0.30709101060859856
ནས་,10,0.27917364600781686
སྟེ་,10,0.27917364600781686
ཤེས་,10,0.27917364600781686
ཚིག་,10,0.27917364600781686
ཞིང་,10,0.27917364600781686
ཚུལ་,10,0.27917364600781686
ཕྱག་,9,0.25125628140703515
ལག་,9,0.25125628140703515
ཆེ་,9,0.25125628140703515
བདག་,9,0.25125628140703515
སྐུ་,9,0.25125628140703515
ཉོན་མོངས་,9,0.25125628140703515
ཡིད་,9,0.25125628140703515
འཆང་བ,9,0.25125628140703515
ཕ་རོལ་,9,0.25125628140703515
བཅུ་,9,0.25125628140703515
གཅིག་,9,0.25125628140703515
དཔལ་ལྡན་,8,0.2233389168062535
དེ་བཞིན་,8,0.2233389168062535
རྫོགས་,8,0.2233389168062535
རྫོགས་པ,8,0.2233389168062535
ཡང་དག་,8,0.2233389168062535
གཉིས་,8,0.2233389168062535
དགྲ་,8,0.2233389168062535
ཡི་གེ་,8,0.2233389168062535
དམ་པ་,8,0.2233389168062535
རྣམ་པ་,8,0.2233389168062535
ལྔ་,8,0.2233389168062535
འཇམ་དཔལ་,7,0.1954215522054718
འཚལ་,7,0.1954215522054718
དབང་ཕྱུག་,7,0.1954215522054718
ཡང་,7,0.1954215522054718
གཟུགས་,7,0.1954215522054718
བྱང་ཆུབ་,7,0.1954215522054718
ཤིང་,7,0.1954215522054718
རྒྱུད་,7,0.1954215522054718
མགོན་པོ་,7,0.1954215522054718
ཅིང་,7,0.1954215522054718
བྱུང་,7,0.1954215522054718
ཐེག་པ་,7,0.1954215522054718
མེད་,7,0.1954215522054718
མཐའ་,7,0.1954215522054718
སྒྲ་,7,0.1954215522054718
ཤེས,7,0.1954215522054718
དུ,6,0.16750418760469013
སུ་,6,0.16750418760469013
ཆེན་པོ,6,0.16750418760469013
ལེགས་,6,0.16750418760469013
ལེགས་པ,6,0.16750418760469013
འབྱུང་བ་,6,0.16750418760469013
ཛྙཱ་ན་,6,0.16750418760469013
ཆགས་པ་,6,0.16750418760469013
གཙོ་བོ་,6,0.16750418760469013
རྡོ་རྗེ,6,0.16750418760469013
གྱིས་,6,0.16750418760469013
ཏ་,6,0.16750418760469013
ལྡན་,5,0.13958682300390843
སྙིང་རྗེ་,5,0.13958682300390843
ཀྱིས་,5,0.13958682300390843
ནས,5,0.13958682300390843
ཁྱབ་བདག་,5,0.13958682300390843
དེ་ཉིད་,5,0.13958682300390843
སེམས་དཔའ་,5,0.13958682300390843
མཐ,5,0.13958682300390843
དྲ་བ་,5,0.13958682300390843
ངེས་པར་,5,0.13958682300390843
བདག་པོ་,5,0.13958682300390843
རིག་,5,0.13958682300390843
རྒྱལ་པོ་,5,0.13958682300390843
དྲུག་,5,0.13958682300390843
མེད་པ,5,0.13958682300390843
ཡ་,5,0.13958682300390843
མཆོད་པ་,5,0.13958682300390843
དག་པ་,5,0.13958682300390843
རྣམ་དག་,5,0.13958682300390843
ལྟར་,5,0.13958682300390843
ཚོགས་,5,0.13958682300390843
ངེས་འབྱུང་,5,0.13958682300390843
ལམ་,5,0.13958682300390843
འོད་,5,0.13958682300390843
ནམ་མཁ,5,0.13958682300390843
མིག་,5,0.13958682300390843
སྨྲ་བ,5,0.13958682300390843
མྱ་ངན་,5,0.13958682300390843
དཔལ,5,0.13958682300390843
འདས,5,0.13958682300390843
ཡོན་ཏན་,5,0.13958682300390843
རིན་ཆེན་,5,0.13958682300390843
སྤྲུལ་པ,5,0.13958682300390843
སྐད་ཅིག་,5,0.13958682300390843
ཡན་ལག་,5,0.13958682300390843
སརྦ་,5,0.13958682300390843
ག་,5,0.13958682300390843
མཚན་,4,0.11166945840312675
བརྗོད་པ་,4,0.11166945840312675
དེ་ནས་,4,0.11166945840312675
པདྨ་,4,0.11166945840312675
གིས་,4,0.11166945840312675
བསམ་པ་,4,0.11166945840312675
ནི,4,0.11166945840312675
གསོལ,4,0.11166945840312675
ཐུགས་,4,0.11166945840312675
ཕྱིར,4,0.11166945840312675
ཡི,4,0.11166945840312675
སྟོན་པ་པོ,4,0.11166945840312675
དབང་པོ་,4,0.11166945840312675
རབ་,4,0.11166945840312675
གསུང་,4,0.11166945840312675
དགའ་,4,0.11166945840312675
བཅོམ་ལྡན་,4,0.11166945840312675
ཉིད་,4,0.11166945840312675
གསུམ་པོ་,4,0.11166945840312675
བདུད་,4,0.11166945840312675
སེལ་བ,4,0.11166945840312675
ཞེས་,4,0.11166945840312675
འདི་,4,0.11166945840312675
ཨ་,4,0.11166945840312675
ར,4,0.11166945840312675
ཡིན,4,0.11166945840312675
འདོད་ཆགས་,4,0.11166945840312675
དགའ་བ,4,0.11166945840312675
བློ་,4,0.11166945840312675
སེལ,4,0.11166945840312675
དགའ་བ་,4,0.11166945840312675
དཀྱིལ་འཁོར་,4,0.11166945840312675
བསམ་གཏན་,4,0.11166945840312675
ཏིང་འཛིན་,4,0.11166945840312675
རང་བཞིན་,4,0.11166945840312675
རྫུ་འཕྲུལ་,4,0.11166945840312675
སྲིད་པ,4,0.11166945840312675
ཕྱིན་,4,0.11166945840312675
མེད་པ་,4,0.11166945840312675
ཐོབ,4,0.11166945840312675
འཛིན,4,0.11166945840312675
ཅོད་པན་,4,0.11166945840312675
གཅིག་པུ་,4,0.11166945840312675
ནམ་མཁའ་,4,0.11166945840312675
སྙིང་པོ་,4,0.11166945840312675
སྒྲོགས་པ,4,0.11166945840312675
དཔལ་,4,0.11166945840312675
རྒྱན་,4,0.11166945840312675
ཧ་,4,0.11166945840312675
ཕྱོགས་,4,0.11166945840312675
ཁམས་,4,0.11166945840312675
རྣམ་གྲོལ་,4,0.11166945840312675
བཀྲ་ཤིས་,4,0.11166945840312675
ལྷ་,4,0.11166945840312675
འཕགས་པ་,3,0.08375209380234507
ཡང་དག་པ,3,0.08375209380234507
སོ,3,0.08375209380234507
ཨཱ་,3,0.08375209380234507
བརྗོད་པ,3,0.08375209380234507
དཔའ་བོ་,3,0.08375209380234507
གསང་བ,3,0.08375209380234507
རང་,3,0.08375209380234507
འཇིགས་,3,0.08375209380234507
ཐབས་,3,0.08375209380234507
ཁྲོ་བོ,3,0.08375209380234507
བཅོམ་ལྡན་འདས,3,0.08375209380234507
ཐལ་མོ་,3,0.08375209380234507
དྲ་བ,3,0.08375209380234507
སེམས་,3,0.08375209380234507
བྱ,3,0.08375209380234507
དམ་ཚིག་,3,0.08375209380234507
བཅོམ་ལྡན་འདས་,3,0.08375209380234507
གཙུག་ཏོར་,3,0.08375209380234507
མིང་,3,0.08375209380234507
ཟབ་,3,0.08375209380234507
རྒྱ་,3,0.08375209380234507
ཐོག་མ་,3,0.08375209380234507
བར་,3,0.08375209380234507
ཀྱང་,3,0.08375209380234507
འགྱུར་,3,0.08375209380234507
སངས་རྒྱས,3,0.08375209380234507
གང་,3,0.08375209380234507
བཞིན་,3,0.08375209380234507
འབྱུང་བ,3,0.08375209380234507
སྤངས་པ,3,0.08375209380234507
ཤཱཀྱ་,3,0.08375209380234507
ཡངས་པ་,3,0.08375209380234507
མཛད་,3,0.08375209380234507
བཞི,3,0.08375209380234507
ཚངས་པ,3,0.08375209380234507
སྟོབས་པོ་,3,0.08375209380234507
ལུས་ཅན་,3,0.08375209380234507
དག་པ,3,0.08375209380234507
སོ་,3,0.08375209380234507
དེ་,3,0.08375209380234507
རིགས་ཆེན་,3,0.08375209380234507
ཨོཾ་,3,0.08375209380234507
ཏེ་,3,0.08375209380234507
གཏི་མུག་,3,0.08375209380234507
བདེ་བ་,3,0.08375209380234507
མཚོན་,3,0.08375209380234507
འཆང་བ་,3,0.08375209380234507
སྣང་བ་,3,0.08375209380234507
དགའ,3,0.08375209380234507
སྦྱིན་བདག་,3,0.08375209380234507
སྟོབས་,3,0.08375209380234507
འཇིགས་པ,3,0.08375209380234507
ཐུབ་པ་,3,0.08375209380234507
བདག་ཉིད་,3,0.08375209380234507
ཕྱིན་པ་,3,0.08375209380234507
དོན,3,0.08375209380234507
རྣམ་,3,0.08375209380234507
སྟོན,3,0.08375209380234507
བདག་མེད་,3,0.08375209380234507
དོན་ཡོད་,3,0.08375209380234507
སློབ་དཔོན་,3,0.08375209380234507
དབང་,3,0.08375209380234507
འཛིན་པ་,3,0.08375209380234507
བདེན་,3,0.08375209380234507
རིག་པ,3,0.08375209380234507
སྣང་བ,3,0.08375209380234507
ལྡན་པ་,3,0.08375209380234507
རྣལ་འབྱོར་,3,0.08375209380234507
སྐྱེད་པ་པོ,3,0.08375209380234507
སྲིད་,3,0.08375209380234507
གཟི་བརྗིད་,3,0.08375209380234507
སྔགས་,3,0.08375209380234507
གདོང་,3,0.08375209380234507
མཁའ་,3,0.08375209380234507
ཧཱ་,3,0.08375209380234507
ཧཱུྃ་,3,0.08375209380234507
འབར་བ་,3,0.08375209380234507
འཇིགས་པ་,3,0.08375209380234507
སྐྱབས་,3,0.08375209380234507
བླ་,3,0.08375209380234507
ཐོགས,3,0.08375209380234507
སྡུག་བསྔལ་,3,0.08375209380234507
དྲི་མ་,3,0.08375209380234507
དུས་གསུམ་,3,0.08375209380234507
ནོར་བུ་,3,0.08375209380234507
བཟང་པོ་,3,0.08375209380234507
འོས,3,0.08375209380234507
ཚངས་པ་,3,0.08375209380234507
གར་,3,0.08375209380234507
འོད,3,0.08375209380234507
རིག,3,0.08375209380234507
གནོན,3,0.08375209380234507
ཡུལ་,3,0.08375209380234507
ཕུང་པོ་,3,0.08375209380234507
བཅུ་གཉིས་,3,0.08375209380234507
བྱ་བ,3,0.08375209380234507
ཐིག་ལེ་,3,0.08375209380234507
རི་,3,0.08375209380234507
མཉྫུ་,2,0.05583472920156338
ནཱ་མ་,2,0.05583472920156338
གྱུར་པ་,2,0.05583472920156338
གདུལ་,2,0.05583472920156338
དཀའ་,2,0.05583472920156338
ཞལ་,2,0.05583472920156338
གསོར་,2,0.05583472920156338
རྩེ་མོ་,2,0.05583472920156338
ལྡན་པ,2,0.05583472920156338
བཏུད་,2,0.05583472920156338
ལྷན་ཅིག་,2,0.05583472920156338
ཏུ,2,0.05583472920156338
གཤེགས་པ་,2,0.05583472920156338
བྱས་,2,0.05583472920156338
སྤྱན་སྔ,2,0.05583472920156338
ལ་སྨན་པ་,2,0.05583472920156338
མངོན་,2,0.05583472920156338
ཅི་,2,0.05583472920156338
འབྲས་བུ་,2,0.05583472920156338
བླ་མ་,2,0.05583472920156338
སྐུ,2,0.05583472920156338
རང་བྱུང་བ,2,0.05583472920156338
འདས་པ,2,0.05583472920156338
གསུངས,2,0.05583472920156338
བྱུང་བ་,2,0.05583472920156338
གསུངས་པ་,2,0.05583472920156338
ས,2,0.05583472920156338
དཔག་མེད་,2,0.05583472920156338
གྱི,2,0.05583472920156338
གསང་,2,0.05583472920156338
འཛིན་,2,0.05583472920156338
དི,2,0.05583472920156338
ཁྱད་པར་,2,0.05583472920156338
ཇི་བཞིན་,2,0.05583472920156338
གསང་དབང་,2,0.05583472920156338
ཡིས,2,0.05583472920156338
ཏེ,2,0.05583472920156338
ཐུབ,2,0.05583472920156338
རྐང་,2,0.05583472920156338
སྣང་,2,0.05583472920156338
ངན་སོང་,2,0.05583472920156338
སྦྱོང་བ,2,0.05583472920156338
གསུངས་པ,2,0.05583472920156338
ཕན་པ,2,0.05583472920156338
བྱེད་,2,0.05583472920156338
བསྟན་པ,2,0.05583472920156338
རིགས,2,0.05583472920156338
རིགས་གསུམ་,2,0.05583472920156338
ཕྱག་རྒྱ་,2,0.05583472920156338
སྐྱེ་,2,0.05583472920156338
ཨཾ་,2,0.05583472920156338
བཛྲ་,2,0.05583472920156338
ཀཱ་,2,0.05583472920156338
གཱི་,2,0.05583472920156338
ཤྭ་,2,0.05583472920156338
ཁོང་,2,0.05583472920156338
སྤངས་པ་,2,0.05583472920156338
རྒྱུ་,2,0.05583472920156338
རབ་ཏུ་,2,0.05583472920156338
གསལ་བ,2,0.05583472920156338
ཁྲོ་བ་,2,0.05583472920156338
ཆེ་བ་,2,0.05583472920156338
ཁ་དོག་,2,0.05583472920156338
ལྕགས་ཀྱུ་,2,0.05583472920156338
སྙན་གྲགས་,2,0.05583472920156338
མཁས་པ་,2,0.05583472920156338
རྒྱ་མཚོ་,2,0.05583472920156338
གྲགས་པ,2,0.05583472920156338
སྟོབས་ཆེན་,2,0.05583472920156338
འཇོམས,2,0.05583472920156338
དྲག་པོ་,2,0.05583472920156338
བྱུང་བ,2,0.05583472920156338
ཚུལ,2,0.05583472920156338
འཆང་བ་པོ,2,0.05583472920156338
བཅུ,2,0.05583472920156338
ཁྱབ་པ,2,0.05583472920156338
ཆེ་བ་པོ,2,0.05583472920156338
བདེན་པ,2,0.05583472920156338
གཤེགས་པ,2,0.05583472920156338
མགྱོགས,2,0.05583472920156338
རྒྱལ་,2,0.05583472920156338
རྗེ་,2,0.05583472920156338
གཞན་,2,0.05583472920156338
སྨྲ་བ་,2,0.05583472920156338
བདེན་པ་,2,0.05583472920156338
ཕྱིར་,2,0.05583472920156338
རྐང་པ,2,0.05583472920156338
འཁོར་བ,2,0.05583472920156338
གྲུབ་པ་,2,0.05583472920156338
སྤངས,2,0.05583472920156338
རྟོག་,2,0.05583472920156338
ཟད་,2,0.05583472920156338
བསོད་ནམས་,2,0.05583472920156338
ཚོགས,2,0.05583472920156338
བྱ་,2,0.05583472920156338
བློ་ལྡན་,2,0.05583472920156338
དམ་པ,2,0.05583472920156338
ཤེས་པ་,2,0.05583472920156338
འབྱུང་,2,0.05583472920156338
འགྲོ་བ་,2,0.05583472920156338
གཟུགས་ཅན་,2,0.05583472920156338
འཛིན་པ,2,0.05583472920156338
ཞགས་པ་,2,0.05583472920156338
ཧ་ལ་,2,0.05583472920156338
གྲགས་པ་,2,0.05583472920156338
གཡོ་,2,0.05583472920156338
རལ་པ་,2,0.05583472920156338
གད་མོ་,2,0.05583472920156338
སྒྲོགས,2,0.05583472920156338
གཅོད,2,0.05583472920156338
གཡུལ་,2,0.05583472920156338
སྐྲ་,2,0.05583472920156338
འབེབས་པ་,2,0.05583472920156338
ལུས,2,0.05583472920156338
རྩེ,2,0.05583472920156338
སྟོང་ཉིད་,2,0.05583472920156338
གནས་,2,0.05583472920156338
འདས་པ་པོ,2,0.05583472920156338
སྐྱེས,2,0.05583472920156338
ཚུགས་པ་,2,0.05583472920156338
ཤིན་ཏུ་,2,0.05583472920156338
ཏོག,2,0.05583472920156338
གཅིག,2,0.05583472920156338
སྡུག་གུ་,2,0.05583472920156338
མཛེས,2,0.05583472920156338
མཚོ,2,0.05583472920156338
བསྐུར་,2,0.05583472920156338
གྲོལ་,2,0.05583472920156338
པོ,2,0.05583472920156338
དབང་དོན་,2,0.05583472920156338
རིམ་གྲོ་,2,0.05583472920156338
མཆོག་སྦྱིན་,2,0.05583472920156338
གཙུག་ཕུད་,2,0.05583472920156338
བརྟུལ་ཞུགས་,2,0.05583472920156338
དཀའ་ཐུབ་,2,0.05583472920156338
འདས་པ་,2,0.05583472920156338
ཞི་བ་,2,0.05583472920156338
འདས་,2,0.05583472920156338
ཆགས་བྲལ་,2,0.05583472920156338
ཀུན་ཤེས་,2,0.05583472920156338
ཀུན་རིག་,2,0.05583472920156338
གཤེགས,2,0.05583472920156338
བཟངས་,2,0.05583472920156338
ཉི་མ་,2,0.05583472920156338
རིགས་,2,0.05583472920156338
རལ་གྲི་,2,0.05583472920156338
ཆོས,2,0.05583472920156338
བློ་གྲོས་,2,0.05583472920156338
བཟང་,2,0.05583472920156338
དངོས་པོ་,2,0.05583472920156338
མངོན་པར་,2,0.05583472920156338
རྟོགས་པ་,2,0.05583472920156338
ལག་པ་,2,0.05583472920156338
བརྒྱ,2,0.05583472920156338
སེན་མོ,2,0.05583472920156338
རྣམ་ཤེས་,2,0.05583472920156338
བློ,2,0.05583472920156338
ཤས་,2,0.05583472920156338
དྲན་པ་,2,0.05583472920156338
བཞི་པོ་,2,0.05583472920156338
འཇུག,2,0.05583472920156338
སྟོན་པ,2,0.05583472920156338
བཅུ་དྲུག་,2,0.05583472920156338
དགོན་པ་,2,0.05583472920156338
སྟོང་པ་,2,0.05583472920156338
བཅུར་,2,0.05583472920156338
བླ,2,0.05583472920156338
འཇོམས་བྱེད་,2,0.05583472920156338
རོལ་,2,0.05583472920156338
ཤུདྡྷ་,2,0.05583472920156338
ཐཱ་,2,0.05583472920156338
ཨཱཿ,2,0.05583472920156338
བཱ་,2,0.05583472920156338
དྷརྨ་,2,0.05583472920156338
བདག་ཅག་,2,0.05583472920156338
༎,2,0.05583472920156338
༄༅,1,0.02791736460078169
བཞུགས་,1,0.02791736460078169
རྒྱ་གར་,1,0.02791736460078169
སྐད་,1,0.02791736460078169
རྱ་,1,0.02791736460078169
ཤྲཱི་,1,0.02791736460078169
སང་,1,0.02791736460078169
གྰི་,1,0.02791736460078169
ཏི,1,0.02791736460078169
བོད་སྐད་,1,0.02791736460078169
གཞོན་ནུ,1,0.02791736460078169
ལོ,1,0.02791736460078169
འདུལ་བ་,1,0.02791736460078169
དཀར་པོ་,1,0.02791736460078169
རྒྱས་,1,0.02791736460078169
འདྲ,1,0.02791736460078169
སྤྱན,1,0.02791736460078169
རྒྱས་པ,1,0.02791736460078169
མངའ་བ,1,0.02791736460078169
ཁྲོ་གཉེར་,1,0.02791736460078169
རིམ་པ,1,0.02791736460078169
ལ་སོགས,1,0.02791736460078169
མཐའ་ཡས་པ,1,0.02791736460078169
འདུལ་བ་པོ,1,0.02791736460078169
རུང་,1,0.02791736460078169
དཔའ་,1,0.02791736460078169
བྱད་,1,0.02791736460078169
རབ་འཕྲོ་བ,1,0.02791736460078169
འགྲོ་དོན་,1,0.02791736460078169
དགའ་མགུ་,1,0.02791736460078169
རངས་པ,1,0.02791736460078169
ཕྲིན་ལས་,1,0.02791736460078169
མགོན,1,0.02791736460078169
སྦྱར་བ་,1,0.02791736460078169
འདུག་,1,0.02791736460078169
འདི་སྐད་,1,0.02791736460078169
བརྩེའི་,1,0.02791736460078169
འི,1,0.02791736460078169
བདག་ཐོབ་,1,0.02791736460078169
མཛོད,1,0.02791736460078169
ཉོན་མོངས་པ,1,0.02791736460078169
དཀྲུགས་,1,0.02791736460078169
འདམ་,1,0.02791736460078169
བྱིང་བ་,1,0.02791736460078169
བླ་མེད་,1,0.02791736460078169
ཐོབ་,1,0.02791736460078169
མཁྱེན,1,0.02791736460078169
མཁྱེན་,1,0.02791736460078169
གིས,1,0.02791736460078169
མཚུངས་མེད་,1,0.02791736460078169
ཞི་བ,1,0.02791736460078169
དགེ་བ,1,0.02791736460078169
མ་འོངས་,1,0.02791736460078169
ད་ལྟར་,1,0.02791736460078169
གླུ,1,0.02791736460078169
བསླངས་,1,0.02791736460078169
ལགས་,1,0.02791736460078169
བཤད་,1,0.02791736460078169
བརྟན་པོ,1,0.02791736460078169
གཟུང་,1,0.02791736460078169
བསལ་བ་,1,0.02791736460078169
བསམ་པ,1,0.02791736460078169
བཤད་པ,1,0.02791736460078169
འཚལ,1,0.02791736460078169
གཤེགས་,1,0.02791736460078169
དེ་སྐད་,1,0.02791736460078169
གསོལ་,1,0.02791736460078169
སྦྱར་,1,0.02791736460078169
འདུག,1,0.02791736460078169
ལྗགས་,1,0.02791736460078169
བཟང་བ,1,0.02791736460078169
རིང་,1,0.02791736460078169
བརྐྱང་,1,0.02791736460078169
དེ,1,0.02791736460078169
འདུལ་,1,0.02791736460078169
མཛད་པ,1,0.02791736460078169
གསུམ,1,0.02791736460078169
འཛུམ་,1,0.02791736460078169
བསྟན་,1,0.02791736460078169
སྙན་པ་,1,0.02791736460078169
བཀང་,1,0.02791736460078169
སླར་,1,0.02791736460078169
གྱུར་པ,1,0.02791736460078169
འགྲོ་,1,0.02791736460078169
ཁྱོད,1,0.02791736460078169
སྡིག་,1,0.02791736460078169
ང་,1,0.02791736460078169
ཉན་པ,1,0.02791736460078169
བརྩོན་པ་,1,0.02791736460078169
དེ་ཕྱིར་,1,0.02791736460078169
ངས,1,0.02791736460078169
རྩེ་གཅིག་,1,0.02791736460078169
ཉོན,1,0.02791736460078169
སྔགས་འཆང་བ,1,0.02791736460078169
གཟིགས,1,0.02791736460078169
སྣང་བྱེད་,1,0.02791736460078169
རིགས་མཆོག་,1,0.02791736460078169
གཟིགས་,1,0.02791736460078169
བདག་པོ,1,0.02791736460078169
ཚིགས་,1,0.02791736460078169
བཅད,1,0.02791736460078169
ཆོས་ཅན་,1,0.02791736460078169
ཨི་,1,0.02791736460078169
ཨཱི་,1,0.02791736460078169
ཨུ་,1,0.02791736460078169
ཨཱུ་,1,0.02791736460078169
ཨེ་,1,0.02791736460078169
ཨཻ,1,0.02791736460078169
ཨོ་,1,0.02791736460078169
ཨཽ་,1,0.02791736460078169
ཨཿ་,1,0.02791736460078169
སྠི་,1,0.02791736460078169
ཏོ་,1,0.02791736460078169
ཧྲྀ་,1,0.02791736460078169
མཱུ་,1,0.02791736460078169
རྟི་,1,0.02791736460078169
ཧཾ་,1,0.02791736460078169
བུདྡྷོ,1,0.02791736460078169
བུདྡྷཱ་,1,0.02791736460078169
ནཱཾ་,1,0.02791736460078169
ཏྲྱ་,1,0.02791736460078169
དྷྭྦ་,1,0.02791736460078169
བརྟི་,1,0.02791736460078169
ནཱཾ,1,0.02791736460078169
ཏཱིཀྵྞ་,1,0.02791736460078169
དུཿ,1,0.02791736460078169
ཁ་,1,0.02791736460078169
ཙྪེ་,1,0.02791736460078169
ད,1,0.02791736460078169
པྲཛྙཱ་,1,0.02791736460078169
མཱུརྟ་,1,0.02791736460078169
ཡེ,1,0.02791736460078169
ཝཱ་,1,0.02791736460078169
ཨ་ར་པ་,1,0.02791736460078169
ཙ་,1,0.02791736460078169
ནཱ་,1,0.02791736460078169
མཿ,1,0.02791736460078169
འདི་ལྟར་,1,0.02791736460078169
ཨ་ལས་,1,0.02791736460078169
ཡིག་འབྲུ་,1,0.02791736460078169
སྐྱེ་བ་,1,0.02791736460078169
ཞེ་སྡང་,1,0.02791736460078169
འདོད་པ་,1,0.02791736460078169
མགུ་བ་,1,0.02791736460078169
བོང་,1,0.02791736460078169
རྒྱ་ཆེ་བ,1,0.02791736460078169
གྲགས་ཆེན་,1,0.02791736460078169
གསལ་བ་,1,0.02791736460078169
དོན་གྲུབ་པ,1,0.02791736460078169
མིག་འཕྲུལ་,1,0.02791736460078169
ཚུལ་ཁྲིམས་,1,0.02791736460078169
བཟོད་,1,0.02791736460078169
བརྟན་པ་པོ,1,0.02791736460078169
བརྩོན་འགྲུས་,1,0.02791736460078169
བརྟུལ་བ་,1,0.02791736460078169
སྨོན་ལམ་,1,0.02791736460078169
བྱམས་ཆེན་,1,0.02791736460078169
དཔག་,1,0.02791736460078169
ཤུགས་,1,0.02791736460078169
མགྱོགས་པ་,1,0.02791736460078169
གནོན་པ་པོ,1,0.02791736460078169
རི་བོ་,1,0.02791736460078169
མཁྲེགས་,1,0.02791736460078169
དྲག་ཤུལ་,1,0.02791736460078169
བྱེད་པ་པོ,1,0.02791736460078169
ཐུབ་ཆེན་,1,0.02791736460078169
ཐོབ་པ་,1,0.02791736460078169
ས་བཅུ,1,0.02791736460078169
ས་བཅུ་,1,0.02791736460078169
གནས་པ་པོ,1,0.02791736460078169
བཅུ་པོ་,1,0.02791736460078169
ཐུབ་དབང་,1,0.02791736460078169
དབང་ལྡན་,1,0.02791736460078169
སྤྲོས་མེད་,1,0.02791736460078169
དེ་བཞིན་ཉིད་,1,0.02791736460078169
དག་,1,0.02791736460078169
སྨ་,1,0.02791736460078169
འགྱུར,1,0.02791736460078169
ཇི་སྐད་,1,0.02791736460078169
སྨྲ,1,0.02791736460078169
ས་བ་,1,0.02791736460078169
སེང་གེ,1,0.02791736460078169
མུ་སྟེགས་,1,0.02791736460078169
རི་དྭགས་,1,0.02791736460078169
ངན་,1,0.02791736460078169
འཇིགས་བྱེད,1,0.02791736460078169
སྟོབས,1,0.02791736460078169
རྒྱལ་བ་,1,0.02791736460078169
འཁོར་ལོ,1,0.02791736460078169
སྒྱུར་བ་,1,0.02791736460078169
ཚོགས་བདག་,1,0.02791736460078169
མཐུ་ཆེན་,1,0.02791736460078169
གཅེས་པ,1,0.02791736460078169
དྲིང་,1,0.02791736460078169
འཇོག,1,0.02791736460078169
ཚིག་བདག་,1,0.02791736460078169
སྨྲ་མཁས་པ,1,0.02791736460078169
དབང་བ་,1,0.02791736460078169
ཚིག་མཐའ་,1,0.02791736460078169
ཡས,1,0.02791736460078169
བཞི་,1,0.02791736460078169
ལྡོག་པ་,1,0.02791736460078169
འོང་,1,0.02791736460078169
འདྲེན་པ་,1,0.02791736460078169
རང་རྒྱལ་,1,0.02791736460078169
བསེ་རུ,1,0.02791736460078169
གཅིག་པོ,1,0.02791736460078169
དགེ་སློང་,1,0.02791736460078169
དགྲ་བཅོམ་,1,0.02791736460078169
ཟག་པ་,1,0.02791736460078169
ཟད,1,0.02791736460078169
བྲལ་བ་,1,0.02791736460078169
ཐུལ,1,0.02791736460078169
རྙེད་པ་,1,0.02791736460078169
འཇིགས་མེད་,1,0.02791736460078169
བསིལ་བ,1,0.02791736460078169
རྙོག་པ་,1,0.02791736460078169
རིག་པ་,1,0.02791736460078169
བདེ་གཤེགས་,1,0.02791736460078169
གིར་,1,0.02791736460078169
ངར་མི་,1,0.02791736460078169
སོན་པ,1,0.02791736460078169
བྱ་བ་,1,0.02791736460078169
བྱས་པ་,1,0.02791736460078169
སྐམ་ས,1,0.02791736460078169
འབའ་ཞིག་,1,0.02791736460078169
འཇོམས་པ,1,0.02791736460078169
དམ་ཆོས་,1,0.02791736460078169
ཆོས་རྒྱལ་,1,0.02791736460078169
དོན་གྲུབ་,1,0.02791736460078169
རྟོག་པ་,1,0.02791736460078169
དབྱིངས་,1,0.02791736460078169
མི་ཟད,1,0.02791736460078169
ཆོས་དབྱིངས་,1,0.02791736460078169
ཡོད་མེད་,1,0.02791736460078169
བསགས་པ་,1,0.02791736460078169
འོ,1,0.02791736460078169
རྟག་པ་,1,0.02791736460078169
བསམ་,1,0.02791736460078169
སོ་སོ་,1,0.02791736460078169
རང་རིག་,1,0.02791736460078169
མི་གཡོ་བ,1,0.02791736460078169
དང་པོ་,1,0.02791736460078169
སྐུ་གསུམ་,1,0.02791736460078169
སྐུ་ལྔ,1,0.02791736460078169
སྤྱན་,1,0.02791736460078169
སྲས་པོ་,1,0.02791736460078169
སྐྱེ་གནས་,1,0.02791736460078169
སྲིད་པ་,1,0.02791736460078169
སྲ་མཁྲེགས་,1,0.02791736460078169
སྐྱེས་མ་,1,0.02791736460078169
ཐག་,1,0.02791736460078169
མེ་བོ་,1,0.02791736460078169
ལམ་མེ་བ,1,0.02791736460078169
མར་མེ་,1,0.02791736460078169
སྒྲོན,1,0.02791736460078169
འོད་གསལ་བ,1,0.02791736460078169
མངའ་བདག་,1,0.02791736460078169
རྨད་བྱུང་,1,0.02791736460078169
གཙུག,1,0.02791736460078169
མཆོད་,1,0.02791736460078169
རྗེད་པ་,1,0.02791736460078169
དྲང་སྲོང་,1,0.02791736460078169
དཀོན་མཆོག་,1,0.02791736460078169
ཞགས,1,0.02791736460078169
འཇིགས་བྱེད་,1,0.02791736460078169
འཇིགས,1,0.02791736460078169
ཀེང་རུས་,1,0.02791736460078169
མཆེ་བ་,1,0.02791736460078169
གཙིགས་པ་པོ,1,0.02791736460078169
བརྒྱ་པ,1,0.02791736460078169
གཤིན་རྗེ་,1,0.02791736460078169
གཤེད་པོ་,1,0.02791736460078169
བགེགས་,1,0.02791736460078169
ཤུགས་ཅན་,1,0.02791736460078169
འཇིགས་བྱེད་པ,1,0.02791736460078169
སྙིང་,1,0.02791736460078169
གསུས་པོ་,1,0.02791736460078169
སྐྱེས་,1,0.02791736460078169
འདྲ་བ,1,0.02791736460078169
བསྒྱིངས,1,0.02791736460078169
གླང་ཆེན་,1,0.02791736460078169
ཀོ་,1,0.02791736460078169
རློན་,1,0.02791736460078169
གོས་,1,0.02791736460078169
གྱོན,1,0.02791736460078169
དྲག་,1,0.02791736460078169
ཧི་ཧི་,1,0.02791736460078169
སྒྲོགས་,1,0.02791736460078169
གད་རྒྱངས་ཅན,1,0.02791736460078169
མདའ་,1,0.02791736460078169
ཐོགས་པ,1,0.02791736460078169
རལ་གྲི,1,0.02791736460078169
བཟད,1,0.02791736460078169
བརྒྱ་པ་,1,0.02791736460078169
མིག,1,0.02791736460078169
བ་སྤུ་,1,0.02791736460078169
སྤུ་,1,0.02791736460078169
སེན་མོ་,1,0.02791736460078169
སྐྱེས་པ་,1,0.02791736460078169
པགས་པ་,1,0.02791736460078169
མཁྲེགས,1,0.02791736460078169
ཕྲེང་ཐོགས་,1,0.02791736460078169
བརྒྱན་པ་,1,0.02791736460078169
གད་རྒྱངས་,1,0.02791736460078169
དྲུག་པ་,1,0.02791736460078169
སྒྲ,1,0.02791736460078169
འཇམ་དབྱངས་,1,0.02791736460078169
གཅིག་པ,1,0.02791736460078169
དེ་བཞིན་ཉིད,1,0.02791736460078169
ཁྱུ་མཆོག་,1,0.02791736460078169
དུང་,1,0.02791736460078169
གཎྜཱི་,1,0.02791736460078169
སྒྲ་བོ་,1,0.02791736460078169
རྔ་བོ་,1,0.02791736460078169
གཟུགས་བཟང་,1,0.02791736460078169
གཟུགས་བརྙན་,1,0.02791736460078169
གྲགས,1,0.02791736460078169
འཕགས་ལམ་,1,0.02791736460078169
མཐོ་,1,0.02791736460078169
དར་བ་,1,0.02791736460078169
ན་གཞོན་,1,0.02791736460078169
གནས་བརྟན་,1,0.02791736460078169
རྒན་པོ་,1,0.02791736460078169
སྐྱེ་དགུ,1,0.02791736460078169
སུམ་ཅུ་རྩ་གཉིས་,1,0.02791736460078169
མགོན་,1,0.02791736460078169
སྐྱོབ་,1,0.02791736460078169
གཅུགས་པ,1,0.02791736460078169
སྐྱོབ་པ་,1,0.02791736460078169
ལོངས་སྤྱོད་པ,1,0.02791736460078169
མཁྱེན་པ,1,0.02791736460078169
མ་རིག་,1,0.02791736460078169
སྒོ་ང,1,0.02791736460078169
སྦུབས་,1,0.02791736460078169
འབྱེད་པ,1,0.02791736460078169
འཇོམས་པ་པོ,1,0.02791736460078169
ཞི་བྱེད་པ,1,0.02791736460078169
རྒྱ་མཚོ,1,0.02791736460078169
ཕྱིན,1,0.02791736460078169
ཞི,1,0.02791736460078169
སེལ་,1,0.02791736460078169
ཡས་,1,0.02791736460078169
སྒྲིབ་པ་,1,0.02791736460078169
གྲོལ,1,0.02791736460078169
མཉམ་པ་ཉིད་,1,0.02791736460078169
དུས་,1,0.02791736460078169
མེད་རྟོགས་པ་,1,0.02791736460078169
ཐོད་,1,0.02791736460078169
ཅན་,1,0.02791736460078169
ཐོད,1,0.02791736460078169
རྣམ་གྲོལ་བ,1,0.02791736460078169
རབ་གནས་པ,1,0.02791736460078169
ཡིད་བཞིན་,1,0.02791736460078169
དཔག་བསམ་,1,0.02791736460078169
རྒྱས་པ་,1,0.02791736460078169
བུམ་པ་,1,0.02791736460078169
བྱེད་པ་,1,0.02791736460078169
ཕན་,1,0.02791736460078169
འདོགས་,1,0.02791736460078169
མཉེས་གཤིན་པ,1,0.02791736460078169
བཟང་ངན་,1,0.02791736460078169
དུས་ཤེས་པ,1,0.02791736460078169
དམ་,1,0.02791736460078169
དུས་ཤེས་,1,0.02791736460078169
མཁས་པ་པོ,1,0.02791736460078169
ཆོས་ཤེས་,1,0.02791736460078169
བཀྲ་ཤིས་པ,1,0.02791736460078169
དགེ,1,0.02791736460078169
དབུགས་,1,0.02791736460078169
འབྱིན་,1,0.02791736460078169
དགའ་སྟོན་,1,0.02791736460078169
རོལ་མོ་,1,0.02791736460078169
བཀུར་སྟི་,1,0.02791736460078169
ཕུན་སུམ་,1,0.02791736460078169
གྲགས་,1,0.02791736460078169
མཆོག་ལྡན་,1,0.02791736460078169
སེལ་བ་པོ,1,0.02791736460078169
ཕུད་བུ་,1,0.02791736460078169
ལྕང་ལོ་,1,0.02791736460078169
མུཉྫ་,1,0.02791736460078169
ཟུར་ཕུད་,1,0.02791736460078169
ལྔ་པ་,1,0.02791736460078169
མེ་ཏོག་ཐོད,1,0.02791736460078169
མགོ་ཟླུམ་,1,0.02791736460078169
སྤྱོད་པ་,1,0.02791736460078169
གཙང་གནས་,1,0.02791736460078169
གཽ་,1,0.02791736460078169
མ,1,0.02791736460078169
བྲམ་ཟེ་,1,0.02791736460078169
གྲོལ་བ་,1,0.02791736460078169
ཐར་པ་,1,0.02791736460078169
ཉིད,1,0.02791736460078169
ཉེ,1,0.02791736460078169
བདེ་སྡུག་,1,0.02791736460078169
སེལ་བ་,1,0.02791736460078169
འགྱུར་པ,1,0.02791736460078169
དཔེ་མེད་པ,1,0.02791736460078169
སྣང་གསལ་,1,0.02791736460078169
མིན,1,0.02791736460078169
ཀུན་འགྲོ་,1,0.02791736460078169
ཁྱབ་པ་པོ,1,0.02791736460078169
ཕྲ་,1,0.02791736460078169
ཟག་མེད་,1,0.02791736460078169
ས་བོན་,1,0.02791736460078169
བྲལ,1,0.02791736460078169
རྡུལ་མེད་,1,0.02791736460078169
རྡུལ་བྲལ་,1,0.02791736460078169
ཉེས་པ་,1,0.02791736460078169
སྐྱོན་མེད་པ,1,0.02791736460078169
སད་པ་,1,0.02791736460078169
སད་པ,1,0.02791736460078169
དམ་པ་པོ,1,0.02791736460078169
ཤེས་པ,1,0.02791736460078169
ཆོས་ཉིད་,1,0.02791736460078169
ལྷུན་,1,0.02791736460078169
གྲུབ,1,0.02791736460078169
ཐ་མ་,1,0.02791736460078169
དང་པོ,1,0.02791736460078169
སྐྱེས་མཆོག་,1,0.02791736460078169
སེང་གེ་,1,0.02791736460078169
ལྟ་བ་,1,0.02791736460078169
ཕྲེང་བ་,1,0.02791736460078169
ལྟ་,1,0.02791736460078169
སྡུག,1,0.02791736460078169
བེའུ,1,0.02791736460078169
འོད་འབར་,1,0.02791736460078169
སྣང་བ་པོ,1,0.02791736460078169
སྨན་པ་,1,0.02791736460078169
ཆེ་མཆོག་,1,0.02791736460078169
ཟུག་རྔུ་,1,0.02791736460078169
འབྱིན་པ་,1,0.02791736460078169
སྨན་,1,0.02791736460078169
ལྗོན་པ,1,0.02791736460078169
ནད་,1,0.02791736460078169
དོ་,1,0.02791736460078169
ཅོག་,1,0.02791736460078169
རྒྱུ་སྐར་,1,0.02791736460078169
མཐར་ཐུག་པ,1,0.02791736460078169
རྒྱལ་མཚན་,1,0.02791736460078169
འཛུགས,1,0.02791736460078169
གདུགས་,1,0.02791736460078169
བྱམས་,1,0.02791736460078169
སྙིང་རྗེ,1,0.02791736460078169
གདུགས,1,0.02791736460078169
བསྟན་པ་,1,0.02791736460078169
ཀུན་བདག་,1,0.02791736460078169
རྗེ,1,0.02791736460078169
ཟླ་བ་,1,0.02791736460078169
དྲི་མེད་,1,0.02791736460078169
ལ་སོགས་,1,0.02791736460078169
འབར་བ,1,0.02791736460078169
སྐྱིལ་ཀྲུང་,1,0.02791736460078169
ཀུན་མཁྱེན་,1,0.02791736460078169
མཛོད་འཛིན་པ,1,0.02791736460078169
རྣོན་པོ་,1,0.02791736460078169
དག,1,0.02791736460078169
མཚོན་ཆ་,1,0.02791736460078169
ཟབ་མོ་,1,0.02791736460078169
ཛི་ན་,1,0.02791736460078169
ཛིཀ,1,0.02791736460078169
ཀུན་རྫོགས་པ,1,0.02791736460078169
ཟླ་འོད་,1,0.02791736460078169
བརྩོན་,1,0.02791736460078169
གདན་,1,0.02791736460078169
ལུས་ལྡན,1,0.02791736460078169
འཁོར་ལོ་,1,0.02791736460078169
ངོ་བོ་,1,0.02791736460078169
ཆུད་པ་,1,0.02791736460078169
འབྱུང་པོ་,1,0.02791736460078169
དང་བ,1,0.02791736460078169
མངོན་སུམ་པ,1,0.02791736460078169
མེ་ལྕེ་,1,0.02791736460078169
རབ་གསལ,1,0.02791736460078169
འདོད་པ,1,0.02791736460078169
སྒྲུབ་,1,0.02791736460078169
དཔའ་བ,1,0.02791736460078169
དྲེགས་པ་,1,0.02791736460078169
སྒེག་,1,0.02791736460078169
བརྟན་པོ་,1,0.02791736460078169
སྡུག་,1,0.02791736460078169
བརྒྱ་པོ་,1,0.02791736460078169
བསྐྱོད་,1,0.02791736460078169
གོམས་པ,1,0.02791736460078169
སྟབས་,1,0.02791736460078169
གཞི་,1,0.02791736460078169
ཁྱོན,1,0.02791736460078169
རྐང་པ་,1,0.02791736460078169
མཐིལ་,1,0.02791736460078169
མཐེབ་,1,0.02791736460078169
ཁྱོན་,1,0.02791736460078169
རྩེ་,1,0.02791736460078169
འཇིག་པ་,1,0.02791736460078169
རྣམ་རིག་,1,0.02791736460078169
ཚོགས་པ་,1,0.02791736460078169
དངོས་དོན་,1,0.02791736460078169
སྟོང་པ་ཉིད་,1,0.02791736460078169
སོགས་,1,0.02791736460078169
ཆེན་པོ་པ,1,0.02791736460078169
སྤྲིན་དཀར་,1,0.02791736460078169
དཀ,1,0.02791736460078169
སྟོན་ཀ,1,0.02791736460078169
ཟླ་བ,1,0.02791736460078169
འཆར་ཀ,1,0.02791736460078169
དཀྱིལ་,1,0.02791736460078169
དམར,1,0.02791736460078169
མཐོན་ཀ,1,0.02791736460078169
མཐོན་ཀ་,1,0.02791736460078169
འོད་ཆགས་,1,0.02791736460078169
བརྒྱ་,1,0.02791736460078169
བསྐྱོད་པ,1,0.02791736460078169
མེ་ཏོག་,1,0.02791736460078169
སྤོས,1,0.02791736460078169
བརྒྱད་,1,0.02791736460078169
ཆགས,1,0.02791736460078169
ལྟ་བུ,1,0.02791736460078169
ཡིད་འཕྲོག་པ,1,0.02791736460078169
མཁས,1,0.02791736460078169
རྩ་,1,0.02791736460078169
བཏོན,1,0.02791736460078169
བརྒྱད་པོ་,1,0.02791736460078169
ཉི་ཤུ,1,0.02791736460078169
བྱང་ཆུབ་པ,1,0.02791736460078169
བྱེ་བ་,1,0.02791736460078169
འགྱེད་པ་པོ,1,0.02791736460078169
རྟོགས,1,0.02791736460078169
ཀུན་རིག,1,0.02791736460078169
ཐབས་ཚུལ་,1,0.02791736460078169
གྱིས,1,0.02791736460078169
སྟོགས་པ་,1,0.02791736460078169
འབྲས་བུ,1,0.02791736460078169
ཆུ་བོ་,1,0.02791736460078169
བརྒལ,1,0.02791736460078169
སྦྱོར་བ,1,0.02791736460078169
ཉེ་བ་,1,0.02791736460078169
ཉོན་མོངས,1,0.02791736460078169
བག་ཆགས་,1,0.02791736460078169
བཅས་པ་,1,0.02791736460078169
གཏན་,1,0.02791736460078169
ཐབས,1,0.02791736460078169
འདུ་ཤེས་,1,0.02791736460078169
སྤངས་,1,0.02791736460078169
འགག་པ,1,0.02791736460078169
ཐུགས་རིག་པ,1,0.02791736460078169
དེ་དག་,1,0.02791736460078169
མཐུན་པ,1,0.02791736460078169
ཡིད་ཚིམ་པ,1,0.02791736460078169
འཁྲུལ་པ་,1,0.02791736460078169
ནོར་བ་,1,0.02791736460078169
ཐེ་ཚོམ་,1,0.02791736460078169
བྱེ་བྲག་,1,0.02791736460078169
ལུས་མེད་,1,0.02791736460078169
རྟོགས་པ་པོ,1,0.02791736460078169
རྟོགས་,1,0.02791736460078169
རིགས་གསུམ་པ,1,0.02791736460078169
ལྔ,1,0.02791736460078169
ཀུན་ལྡན་,1,0.02791736460078169
ཕྱེད་ཕྱེད་,1,0.02791736460078169
རྩིས་,1,0.02791736460078169
བཞི་པ,1,0.02791736460078169
ལོངས་སྤྱོད་,1,0.02791736460078169
སྤྲུལ་པ་,1,0.02791736460078169
འགྱེད,1,0.02791736460078169
ལྷ,1,0.02791736460078169
ལྷ་མིན་,1,0.02791736460078169
འཆི་མེད་,1,0.02791736460078169
དབང་ཕྱུག་པོ,1,0.02791736460078169
བརྒལ་བ,1,0.02791736460078169
སྟོན་པ་,1,0.02791736460078169
བྱམས་པ,1,0.02791736460078169
གོ་ཆ་,1,0.02791736460078169
ཆས་པ་,1,0.02791736460078169
ཡ་ལད་,1,0.02791736460078169
བགོས,1,0.02791736460078169
མདའ་གཞུ་,1,0.02791736460078169
གཡུལ་ངོ་,1,0.02791736460078169
བདུད་འདུལ་བ,1,0.02791736460078169
དཔུང་,1,0.02791736460078169
ཕམ་,1,0.02791736460078169
འདྲེན,1,0.02791736460078169
མཆོད་འོས་,1,0.02791736460078169
བསྟོད་འོས་,1,0.02791736460078169
རྟག་,1,0.02791736460078169
བཀུར་འོས་,1,0.02791736460078169
རྗེད་,1,0.02791736460078169
འོས་པ་,1,0.02791736460078169
བླ་མ,1,0.02791736460078169
རབ,1,0.02791736460078169
གོམ་,1,0.02791736460078169
བགྲོད,1,0.02791736460078169
མཐའ་མེད་,1,0.02791736460078169
གཙང་མ་,1,0.02791736460078169
མངོན་ཤེས་,1,0.02791736460078169
རྗེས་དྲན་,1,0.02791736460078169
དྲུག,1,0.02791736460078169
ཕྱིན་པ,1,0.02791736460078169
མཐའ,1,0.02791736460078169
གཞན་རིག་,1,0.02791736460078169
ཐམས་ཅད་པ,1,0.02791736460078169
གང་ཟག་,1,0.02791736460078169
དཔེ,1,0.02791736460078169
ཤེས་བྱ,1,0.02791736460078169
བསྙེན་བཀུར་,1,0.02791736460078169
བགྲོད་,1,0.02791736460078169
ཀྱི,1,0.02791736460078169
སྐལ་བཟང་,1,0.02791736460078169
འབྱོར་པ་,1,0.02791736460078169
མཐར་གྱུར་,1,0.02791736460078169
འདོད་,1,0.02791736460078169
དགྱེས་པ་,1,0.02791736460078169
འཛུམ་པ་,1,0.02791736460078169
བཞད་,1,0.02791736460078169
སྟོན་,1,0.02791736460078169
འདུད་,1,0.02791736460078169
དོ,1,0.02791736460078169
དྷརྨཱ་,1,0.02791736460078169
བྷཱ་བ་,1,0.02791736460078169
སྭ་,1,0.02791736460078169
བྷཱ་,1,0.02791736460078169
ཝ་,1,0.02791736460078169
བི་,1,0.02791736460078169
ཨཿ,1,0.02791736460078169
པྲ་,1,0.02791736460078169
ཀྲྀ་,1,0.02791736460078169
ཏི་པ་,1,0.02791736460078169
ཤུདྡྷཱཿ,1,0.02791736460078169
དྷརྨྰ་,1,0.02791736460078169
ཤྲྰི་པ་,1,0.02791736460078169
ཤུདྡྷི་,1,0.02791736460078169
ཏཱ་,1,0.02791736460078169
མུ་,1,0.02791736460078169
པཱ་,1,0.02791736460078169
དཱ་,1,0.02791736460078169
ཡེ་,1,0.02791736460078169
ཏི་,1,0.02791736460078169
ཧྲཱི་,1,0.02791736460078169
ད་,1,0.02791736460078169
ཡཾ་,1,0.02791736460078169
ཧྲཱིཿ,1,0.02791736460078169
བྷ་,1,0.02791736460078169
བན་,1,0.02791736460078169
མཱུརྟི,1,0.02791736460078169
ཙ,1,0.02791736460078169
སུ་པ་,1,0.02791736460078169
དྷཱ་,1,0.02791736460078169
གརྦྷ་,1,0.02791736460078169
མགུ་,1,0.02791736460078169
སྦྱར,1,0.02791736460078169
བསྟོད་,1,0.02791736460078169
ངོ་,1,0.02791736460078169
འཚལ་བ་,1,0.02791736460078169
མགོན་མེད་,1,0.02791736460078169
རྫོག་པ་,1,0.02791736460078169
ཐོབ་པ,1,0.02791736460078169
མཛད,1,0.02791736460078169
ལམ,1,0.02791736460078169
ཡངས་,1,0.02791736460078169
བཤད,1,0.02791736460078169
སྟོང་ཕྲག་,1,0.02791736460078169
བཅུ་དྲུག་པ་,1,0.02791736460078169
ཏིང་ངེ་འཛིན་,1,0.02791736460078169
ལེའུ་,1,0.02791736460078169
ཕྱུང་བ,1,0.02791736460078169
སེམས་དཔ,1,0.02791736460078169
དོན་དམ་པ,1,0.02791736460078169
ཐུབ་པ,1,0.02791736460078169
